Transaction ID,Date,Customer ID,Gender,Age,Product Category,Quantity,Price per Unit,Total Amount
32,2023-01-04,CUST032,Male,30.0,Beauty,3,30.0,90.0
110,2023-06-11,CUST110,Male,27.0,Clothing,3,300.0,900.0
137,2023-11-18,CUST137,Male,46.0,Beauty,2,500.0,1000.0
89,2023-10-01,CUST089,,55.0,Electronics,4,500.0,2000.0
919,2023-09-09,,Female,22.0,Beauty,2,25.0,50.0
575,2023-03-28,CUST575,Male,60.0,,2,50.0,100.0
871,2023-08-31,CUST871,Male,62.0,Beauty,2,30.0,60.0
319,2023-10-05,CUST319,,31.0,Clothing,1,500.0,500.0
262,2023-07-30,CUST262,female,32.0,Beauty,4,30.0,120.0
536,2023-03-05,CUST536,Female,55.0,Beauty,4,30.0,120.0
920,2023-02-22,CUST920,,28.0,Beauty,3,25.0,75.0
597,2023-08-22,CUST597,Male,22.0,Beauty,4,300.0,1200.0
77,2023-07-09,CUST077,Female,47.0,Clothing,2,50.0,100.0
108,2023-04-19,CUST108,Female,27.0,Beauty,3,25.0,75.0
425,2023-05-15,CUST425,Female,55.0,Electronics,4,30.0,120.0
585,2023-05-01,CUST585,Female,24.0,Clothing,1,25.0,42.25175532250138
854,2023-12-20,CUST854,Male,29.0,Clothing,1,50.0,50.0
665,2023-04-20,CUST665,Male,,Clothing,1,50.0,50.0
830,2023-06-22,CUST830,Female,64.0,Clothing,3,50.0,150.0
421,2023-01-02,CUST421,Female,37.0,Clothing,3,500.0,1500.0
598,2023-08-01,CUST598,Male,37.0,Beauty,4,30.0,120.0
459,2023-03-21,CUST459,Male,28.0,Clothing,4,300.0,1200.0
313,2023-03-21,CUST313,Female,55.0,Beauty,3,500.0,1500.0
650,2024-01-01,CUST650,Male,55.0,Electronics,1,30.0,30.0
366,2023-02-07,CUST366,Male,57.0,,2,50.0,100.0
322,2023-01-30,CUST322,Male,51.0,Electronics,1,500.0,500.0
630,2023-08-15,CUST630,Male,42.0,Clothing,2,,100.0
915,2023-05-30,CUST915,Female,26.0,Beauty,3,30.0,90.0
469,2023-05-08,CUST469,Male,18.0,Beauty,3,25.0,
599,2023-11-19,CUST599,Female,28.0,Beauty,2,50.0,100.0
395,2023-12-06,CUST395,Male,50.0,Electronics,2,500.0,1000.0
537,2023-06-03,CUST537,female,21.0,Beauty,1,500.0,500.0
721,2023-05-14,CUST721,Female,52.0,Clothing,1,500.0,500.0
334,2023-11-01,CUST334,,31.0,Electronics,3,300.0,900.0
410,2023-11-21,CUST410,Female,29.0,Clothing,2,50.0,100.0
60,2023-10-23,CUST060,Male,30.0,Beauty,3,50.0,150.0
257,2023-02-19,CUST257,Male,19.0,Beauty,4,500.0,2000.0
970,2023-05-16,CUST970,Male,59.0,Electronics,4,500.0,2000.0
686,2023-07-19,CUST686,Female,28.0,Electronics,4,50.0,200.0
343,2023-11-01,CUST343,Male,21.0,Electronics,2,25.0,50.0
636,2023-03-23,CUST636,Female,21.0,Beauty,3,500.0,1500.0
709,2023-07-21,CUST709,Female,19.0,Electronics,2,500.0,1000.0
11,2023-02-14,CUST011,Male,23.0,Clothing,2,50.0,100.0
486,2023-04-09,CUST486,Female,35.0,Electronics,1,25.0,25.0
210,2023-04-13,CUST210,,37.0,Electronics,4,50.0,200.0
140,2023-08-05,CUST140,Male,38.0,Electronics,1,30.0,30.0
389,2023-12-01,CUST389,Male,21.0,Clothing,2,25.0,84.50351064500276
623,2023-03-10,CUST623,Male,34.0,Clothing,3,50.0,150.0
825,,CUST825,Female,46.0,Beauty,1,25.0,25.0
718,2023-08-25,CUST718,Female,59.0,Beauty,3,25.0,75.0
846,2023-09-22,CUST846,Male,42.0,Beauty,1,50.0,50.0
688,2023-10-03,CUST688,Male,56.0,Clothing,4,25.0,100.0
936,2023-02-07,CUST936,Male,57.0,Beauty,4,50.0,200.0
582,2023-11-14,CUST582,Male,35.0,Clothing,3,300.0,900.0
383,2023-03-22,CUST383,Female,46.0,Beauty,3,30.0,90.0
71,2023-07-14,CUST071,Female,51.0,Beauty,4,25.0,100.0
261,2023-08-05,CUST261,Male,21.0,Clothing,2,25.0,50.0
801,2023-08-10,CUST801,Male,21.0,Clothing,4,50.0,200.0
454,2023-02-22,CUST454,Female,46.0,Beauty,1,25.0,25.0
592,2023-01-24,CUST592,Female,46.0,Beauty,4,500.0,2000.0
907,2023-01-08,CUST907,Female,45.0,Electronics,1,25.0,25.0
785,2023-03-03,CUST785,Female,31.0,Beauty,4,50.0,200.0
214,2023-12-10,CUST214,Male,20.0,Beauty,2,30.0,60.0
97,2023-10-13,CUST097,Female,,Beauty,2,500.0,1000.0
680,2023-10-22,CUST680,Female,53.0,Clothing,3,300.0,900.0
850,2023-07-28,CUST850,Female,26.0,Beauty,2,500.0,1000.0
251,2023-08-31,CUST251,Female,57.0,Beauty,4,50.0,200.0
881,2023-05-19,CUST881,male,22.0,Electronics,1,300.0,300.0
193,2023-02-13,CUST193,Male,35.0,Beauty,3,500.0,1500.0
281,2023-05-23,CUST281,Female,29.0,Beauty,4,500.0,2000.0
534,2023-06-10,CUST534,Male,45.0,Clothing,2,500.0,1000.0
683,2023-01-04,CUST683,Male,38.0,Beauty,2,500.0,1000.0
618,2023-01-26,CUST618,Female,27.0,Beauty,1,50.0,50.0
983,2023-11-01,CUST983,Female,29.0,Clothing,1,300.0,300.0
911,2023-05-21,CUST911,Male,42.0,Electronics,3,300.0,900.0
185,2023-02-27,CUST185,Male,24.0,Clothing,1,25.0,25.0
31,2023-05-23,CUST031,Male,44.0,Electronics,4,300.0,2028.0842554800663
329,2023-01-30,CUST329,Female,46.0,Electronics,4,25.0,100.0
507,2023-11-02,CUST507,Female,37.0,Electronics,3,500.0,1500.0
55,2023-10-10,CUST055,Male,31.0,Beauty,4,30.0,120.0
24,2023-11-29,CUST024,Female,49.0,,1,300.0,300.0
102,2023-04-28,CUST102,Female,47.0,Beauty,2,25.0,50.0
550,2023-12-07,CUST550,Male,40.0,Clothing,3,300.0,900.0
248,2023-03-09,CUST248,Male,26.0,Clothing,3,,900.0
4,2023-05-21,CUST004,Male,37.0,clothing,1,500.0,500.0
87,2023-11-22,CUST087,Female,28.0,Beauty,2,50.0,100.0
844,2023-10-12,CUST844,Male,35.0,clothing,3,50.0,150.0
953,2023-04-26,CUST953,Male,45.0,Beauty,3,30.0,90.0
291,2023-01-08,CUST291,Male,60.0,Clothing,2,300.0,600.0
211,2024-01-01,CUST211,male,42.0,Beauty,3,500.0,1500.0
803,2023-11-22,CUST803,Male,39.0,Clothing,4,25.0,100.0
175,2023-03-20,CUST175,Female,31.0,Electronics,4,25.0,100.0
200,2023-09-01,CUST200,Male,27.0,Beauty,3,50.0,150.0
903,2023-04-27,CUST903,Female,51.0,Beauty,4,50.0,200.0
115,2023-11-26,CUST115,Male,51.0,Clothing,3,500.0,1500.0
64,2023-01-24,CUST064,Male,49.0,Clothing,4,25.0,100.0
266,2023-12-01,CUST266,Female,19.0,Electronics,2,30.0,60.0
232,2023-02-06,CUST232,Female,43.0,Beauty,1,25.0,25.0
804,2023-08-24,CUST804,Male,42.0,Electronics,1,30.0,30.0
626,2023-09-29,CUST626,Female,26.0,clothing,4,500.0,2000.0
569,2023-08-15,CUST569,Male,52.0,Electronics,4,50.0,200.0
855,2023-09-01,CUST855,Male,54.0,Beauty,1,25.0,25.0
40,2023-06-22,CUST040,Male,45.0,,1,50.0,50.0
807,2023-08-11,CUST807,Female,50.0,Electronics,4,50.0,200.0
169,2023-11-17,CUST169,Male,18.0,Beauty,3,500.0,1500.0
591,2023-01-13,CUST591,Male,53.0,Electronics,4,25.0,100.0
465,2023-04-02,CUST465,Female,43.0,Electronics,3,50.0,150.0
999,2023-12-05,CUST999,Female,36.0,Electronics,3,50.0,150.0
443,2023-08-09,CUST443,Male,29.0,Clothing,2,300.0,600.0
909,2023-10-01,CUST909,Male,26.0,Electronics,1,300.0,300.0
67,2023-05-29,CUST067,Female,48.0,Beauty,4,300.0,1200.0
308,2023-08-05,CUST308,Female,34.0,Beauty,4,300.0,1200.0
68,2023-02-10,CUST068,Male,25.0,Electronics,1,300.0,300.0
199,,CUST199,,45.0,Beauty,3,500.0,1500.0
529,2023-08-09,CUST529,Female,35.0,Clothing,3,50.0,150.0
482,2023-04-27,CUST482,Female,-1.0,Clothing,4,300.0,1200.0
758,2023-05-12,CUST758,Male,64.0,Clothing,4,25.0,100.0
988,2023-05-28,CUST988,Female,63.0,Clothing,3,25.0,75.0
363,2023-06-03,CUST363,Male,64.0,beauty,1,25.0,25.0
845,2023-01-06,CUST845,Male,54.0,clothing,1,500.0,500.0
559,2023-01-01,CUST559,Female,40.0,Clothing,4,300.0,1200.0
619,2023-10-13,CUST619,Male,47.0,Electronics,4,25.0,100.0
353,2023-05-14,CUST353,Male,31.0,Electronics,1,500.0,500.0
761,2023-11-07,CUST761,Female,33.0,Clothing,1,500.0,500.0
930,2023-05-10,CUST930,Male,54.0,,4,50.0,200.0
293,2023-05-02,CUST293,Male,,Electronics,3,30.0,90.0
753,2023-02-28,CUST753,Female,32.0,Clothing,1,30.0,30.0
101,2023-01-29,CUST101,Male,32.0,Clothing,2,300.0,600.0
224,2023-06-23,CUST224,Female,25.0,Clothing,1,50.0,50.0
719,2023-04-04,CUST719,Female,42.0,Clothing,2,30.0,101.40421277400333
809,2023-09-25,CUST809,Female,62.0,Beauty,2,50.0,100.0
306,2023-08-21,CUST306,male,54.0,Electronics,1,50.0,50.0
629,2023-06-12,CUST629,Male,62.0,Electronics,2,25.0,50.0
159,2023-05-31,CUST159,Male,26.0,Clothing,4,50.0,200.0
552,2023-12-13,CUST552,Female,49.0,Electronics,3,25.0,75.0
3,2023-01-13,CUST003,Male,50.0,Electronics,1,30.0,30.0
729,2023-05-23,CUST729,Male,29.0,Clothing,4,300.0,1200.0
209,2023-12-20,CUST209,Female,30.0,Electronics,4,50.0,200.0
300,2023-01-31,CUST300,Female,19.0,Electronics,4,50.0,200.0
851,2023-09-08,CUST851,Male,32.0,Electronics,2,25.0,50.0
437,not-a-date,CUST437,Female,35.0,Electronics,4,300.0,1200.0
870,2023-07-08,CUST870,Female,46.0,Electronics,4,30.0,120.0
412,2023-09-16,CUST412,Female,19.0,Electronics,4,,2000.0
615,not-a-date,CUST615,Female,61.0,Clothing,4,25.0,100.0
908,2023-12-29,CUST908,Male,46.0,Beauty,4,300.0,2028.0842554800663
913,2023-01-28,CUST913,Male,29.0,Electronics,3,30.0,90.0
997,2023-11-17,CUST997,Male,52.0,Beauty,3,30.0,152.106319161005
963,2023-11-14,CUST963,Female,55.0,Beauty,1,50.0,50.0
701,2023-12-14,CUST701,Female,52.0,Beauty,2,30.0,60.0
779,2023-05-05,CUST779,,56.0,Electronics,2,500.0,1000.0
307,2023-05-27,CUST307,Female,26.0,Electronics,2,25.0,50.0
433,2023-02-27,CUST433,Male,29.0,Beauty,4,50.0,200.0
494,2023-09-18,CUST494,Female,42.0,Beauty,4,,200.0
424,2023-11-23,CUST424,Male,57.0,Beauty,4,300.0,1200.0
299,2023-07-25,CUST299,Male,61.0,Electronics,2,500.0,1000.0
468,2023-12-09,CUST468,Male,40.0,Electronics,1,25.0,25.0
885,2023-03-03,CUST885,Female,52.0,Clothing,4,30.0,120.0
756,2023-08-27,CUST756,Female,62.0,Electronics,4,300.0,1200.0
107,2023-02-03,CUST107,Female,21.0,Clothing,4,300.0,1200.0
859,2023-08-18,CUST859,Female,-1.0,Electronics,3,500.0,1500.0
56,2023-05-31,CUST056,Female,26.0,Clothing,3,300.0,900.0
121,2023-10-15,CUST121,Female,28.0,Electronics,4,50.0,
311,2023-12-05,CUST311,Female,32.0,Beauty,4,25.0,100.0
26,2023-10-07,CUST026,Female,28.0,Electronics,2,500.0,1000.0
73,2023-08-21,CUST073,Male,29.0,Electronics,3,30.0,90.0
531,2023-12-07,CUST531,Male,31.0,Electronics,1,500.0,500.0
45,2023-07-03,CUST045,Female,55.0,Electronics,1,30.0,30.0
276,2023-10-02,CUST276,female,21.0,Beauty,4,25.0,100.0
479,2023-08-24,CUST479,Male,52.0,Electronics,4,300.0,1200.0
315,2023-06-01,CUST315,Male,47.0,Clothing,2,30.0,60.0
337,2023-05-01,CUST337,Male,38.0,Clothing,1,500.0,500.0
690,2023-11-05,CUST690,,52.0,Clothing,3,300.0,900.0
431,2023-10-15,CUST431,male,63.0,Electronics,4,300.0,1200.0
951,2023-11-02,CUST951,Male,33.0,Beauty,2,50.0,100.0
834,,CUST834,Female,56.0,Beauty,2,30.0,60.0
589,2023-04-12,CUST589,Female,36.0,Beauty,2,500.0,1000.0
704,2023-08-28,CUST704,Female,62.0,Clothing,3,30.0,90.0
328,2023-03-22,CUST328,Male,39.0,,2,50.0,100.0
605,2023-07-24,CUST605,Male,37.0,Electronics,2,500.0,1000.0
604,2023-09-11,CUST604,Female,29.0,Electronics,4,50.0,200.0
928,2023-04-05,CUST928,Female,35.0,Clothing,4,300.0,1200.0
981,2023-08-19,CUST981,Female,30.0,Electronics,2,30.0,60.0
972,2023-02-11,CUST972,Male,49.0,Beauty,4,25.0,100.0
763,2023-02-28,CUST763,Male,34.0,Clothing,2,25.0,50.0
332,2023-04-06,CUST332,Male,58.0,Electronics,4,300.0,1200.0
61,2023-04-09,CUST061,Male,21.0,Beauty,4,50.0,200.0
746,2023-01-11,CUST746,Female,33.0,clothing,3,30.0,90.0
372,2023-02-07,CUST372,Female,24.0,Beauty,3,500.0,1500.0
93,2023-07-14,CUST093,Female,35.0,Beauty,4,500.0,2000.0
723,2023-06-17,CUST723,Female,54.0,Beauty,4,50.0,200.0
491,2023-05-23,CUST491,Female,60.0,Electronics,3,,900.0
463,2023-07-31,CUST463,Female,54.0,Beauty,3,500.0,1500.0
219,2023-08-20,CUST219,Female,53.0,Electronics,3,30.0,90.0
514,2023-03-01,CUST514,Female,18.0,Electronics,1,300.0,300.0
621,2023-03-04,CUST621,Female,40.0,Beauty,2,500.0,1000.0
426,2023-03-24,CUST426,Male,23.0,Electronics,3,50.0,150.0
333,2023-02-05,CUST333,Female,54.0,electronics,4,300.0,1200.0
860,2023-01-09,CUST860,,63.0,Clothing,4,50.0,200.0
990,2023-05-25,CUST990,Female,58.0,Beauty,2,500.0,1000.0
583,2023-06-21,CUST583,Female,24.0,Electronics,4,25.0,100.0
356,2023-06-10,CUST356,Male,50.0,Electronics,3,500.0,1500.0
483,2023-04-25,CUST483,Male,55.0,Clothing,1,30.0,30.0
546,2023-10-11,CUST546,Female,36.0,Electronics,4,50.0,200.0
111,,CUST111,Female,34.0,Electronics,3,500.0,1500.0
515,2023-07-17,CUST515,female,49.0,,3,300.0,900.0
603,2023-07-16,CUST603,Female,40.0,Clothing,3,30.0,90.0
996,2023-05-16,CUST996,Male,62.0,Clothing,1,,50.0
508,2023-08-11,CUST508,Male,58.0,Beauty,2,,600.0
335,2023-02-04,CUST335,Female,,Beauty,4,30.0,120.0
849,2023-05-04,CUST849,Male,32.0,Clothing,2,25.0,50.0
295,2023-07-28,CUST295,Female,27.0,Beauty,3,300.0,900.0
287,2023-02-20,CUST287,Male,54.0,Clothing,4,25.0,100.0
939,not-a-date,CUST939,Female,46.0,Electronics,1,300.0,300.0
448,2023-01-21,CUST448,Female,54.0,Beauty,2,30.0,60.0
693,2023-04-23,CUST693,Male,41.0,Beauty,3,500.0,
653,2023-05-20,CUST653,Male,54.0,Clothing,3,25.0,75.0
969,,CUST969,Female,40.0,Clothing,3,300.0,
278,2023-03-13,CUST278,Female,37.0,Clothing,4,25.0,100.0
759,2023-07-08,CUST759,,49.0,Electronics,2,50.0,100.0
138,2023-03-23,CUST138,Male,49.0,Clothing,4,50.0,200.0
502,2023-04-02,CUST502,Male,,Electronics,3,50.0,150.0
405,2023-11-06,CUST405,Female,25.0,Clothing,4,300.0,1200.0
524,2023-10-03,CUST524,Male,46.0,Beauty,4,300.0,1200.0
781,2023-12-23,CUST781,Male,35.0,Beauty,1,500.0,500.0
978,2023-03-22,CUST978,Female,53.0,Clothing,3,50.0,150.0
581,2023-11-21,CUST581,Female,48.0,Beauty,2,30.0,60.0
238,2023-01-17,CUST238,Female,39.0,Beauty,1,500.0,500.0
989,2023-12-28,CUST989,Female,44.0,Electronics,1,25.0,25.0
216,2023-07-11,CUST216,Male,62.0,Electronics,2,50.0,100.0
895,2023-05-22,CUST895,Female,55.0,Clothing,4,30.0,120.0
245,2023-09-06,CUST245,Male,47.0,Clothing,3,30.0,90.0
553,2023-03-31,CUST553,Male,,Clothing,4,300.0,1200.0
838,2023-05-13,CUST838,Male,47.0,Electronics,2,300.0,600.0
864,2023-07-27,CUST864,Female,51.0,Electronics,1,500.0,500.0
668,2023-07-28,CUST668,Female,62.0,Electronics,3,50.0,150.0
622,2023-08-22,CUST622,Female,49.0,Beauty,3,25.0,75.0
79,2023-04-18,CUST079,Male,34.0,beauty,1,300.0,300.0
30,2023-10-29,CUST030,Female,39.0,Beauty,3,300.0,900.0
451,2023-12-16,CUST451,Female,45.0,Electronics,1,30.0,30.0
290,2023-10-04,CUST290,Female,30.0,Beauty,2,300.0,600.0
50,2023-08-24,CUST050,Female,27.0,Beauty,3,25.0,75.0
671,2023-08-27,CUST671,Male,62.0,Electronics,3,50.0,150.0
799,2023-09-08,CUST799,Male,56.0,Electronics,2,50.0,100.0
96,2023-12-19,CUST096,Female,44.0,Clothing,2,300.0,600.0
166,2023-04-02,CUST166,Male,34.0,Clothing,4,500.0,2000.0
931,2023-09-02,CUST931,Male,30.0,Beauty,4,30.0,120.0
179,2023-09-29,CUST179,Male,31.0,Electronics,1,300.0,300.0
694,2023-05-20,CUST694,Female,39.0,Electronics,2,25.0,50.0
66,2023-04-27,CUST066,Female,,Electronics,1,30.0,30.0
142,2023-02-02,CUST142,Male,35.0,Electronics,4,,1200.0
986,2023-01-17,CUST986,Female,49.0,Clothing,2,500.0,1690.0702129000554
352,2023-06-11,CUST352,Male,57.0,Electronics,2,500.0,1000.0
862,2023-05-31,CUST862,Male,28.0,Electronics,4,300.0,1200.0
441,2023-10-10,CUST441,,57.0,Beauty,4,300.0,1200.0
347,2023-08-03,CUST347,Male,42.0,Electronics,1,25.0,25.0
255,2023-04-08,CUST255,Male,48.0,Clothing,1,30.0,30.0
695,,CUST695,Female,22.0,Electronics,3,50.0,150.0
345,2023-11-14,CUST345,Male,62.0,Electronics,1,30.0,30.0
222,2023-04-26,CUST222,Male,51.0,clothing,4,30.0,120.0
236,2023-04-28,CUST236,Female,54.0,Clothing,1,25.0,25.0
548,2023-04-09,CUST548,Female,51.0,Clothing,2,30.0,60.0
500,2023-03-01,CUST500,Female,60.0,Beauty,4,25.0,100.0
596,2023-02-07,CUST596,Female,64.0,Electronics,1,300.0,300.0
941,2023-03-19,CUST941,,57.0,Clothing,2,25.0,50.0
250,2023-10-23,CUST250,Male,48.0,Electronics,1,50.0,50.0
760,2023-03-27,CUST760,Male,27.0,Beauty,1,500.0,500.0
382,2023-05-26,CUST382,Female,53.0,Clothing,2,500.0,1000.0
72,2023-05-23,CUST072,Female,20.0,Electronics,4,500.0,2000.0
95,2023-11-24,CUST095,Female,32.0,Clothing,2,30.0,60.0
34,2023-12-24,CUST034,Female,51.0,Clothing,3,50.0,150.0
260,2023-07-01,CUST260,Male,28.0,Beauty,2,30.0,60.0
205,not-a-date,CUST205,Female,43.0,Clothing,1,25.0,25.0
360,2023-03-09,CUST360,Male,42.0,Clothing,4,25.0,100.0
602,2023-12-23,CUST602,Female,20.0,,1,300.0,300.0
399,2023-03-01,CUST399,Female,64.0,Beauty,2,30.0,60.0
78,2023-07-01,CUST078,Female,47.0,Clothing,3,500.0,1500.0
85,2023-02-06,CUST085,Male,31.0,Clothing,3,50.0,150.0
320,2023-02-01,CUST320,Female,28.0,Electronics,4,300.0,1200.0
83,2023-12-16,CUST083,Male,54.0,Electronics,2,50.0,100.0
948,2023-10-13,,Female,23.0,Electronics,3,25.0,75.0
708,2023-01-14,CUST708,Female,43.0,beauty,3,300.0,900.0
539,2023-06-08,CUST539,Male,,Beauty,1,500.0,500.0
544,not-a-date,CUST544,Female,27.0,electronics,-3,25.0,42.25175532250138
826,2023-10-19,CUST826,Female,46.0,Clothing,1,300.0,300.0
429,2023-12-28,CUST429,Male,64.0,Electronics,2,25.0,50.0
310,2023-10-12,CUST310,Female,28.0,Beauty,1,25.0,25.0
6,2023-04-25,CUST006,Female,45.0,Beauty,1,30.0,30.0
789,2023-09-30,CUST789,Female,61.0,,4,500.0,2000.0
105,2023-07-25,CUST105,female,22.0,Electronics,1,500.0,500.0
98,2023-04-23,CUST098,Female,55.0,Beauty,2,50.0,100.0
297,2023-09-04,CUST297,Female,40.0,Electronics,2,500.0,1000.0
409,2023-12-18,CUST409,Female,21.0,electronics,3,300.0,900.0
446,2023-06-07,CUST446,Male,21.0,Electronics,1,50.0,84.50351064500276
904,2023-07-04,CUST904,Male,28.0,Clothing,1,500.0,500.0
282,2023-08-25,CUST282,Female,64.0,Electronics,4,50.0,200.0
267,2023-11-27,CUST267,Female,32.0,Beauty,3,30.0,90.0
740,2023-02-05,CUST740,Female,25.0,Beauty,4,50.0,200.0
887,2023-06-11,CUST887,Male,59.0,Clothing,4,25.0,100.0
535,2023-12-06,CUST535,Male,47.0,beauty,-3,30.0,90.0
433,2023-02-27,CUST433,Male,,Beauty,4,50.0,200.0
912,2023-01-24,CUST912,Male,51.0,Beauty,3,50.0,150.0
657,2023-02-11,CUST657,Male,40.0,Clothing,1,25.0,25.0
119,2023-03-13,CUST119,Female,60.0,Clothing,3,,150.0
406,2023-04-18,CUST406,Female,22.0,Beauty,4,25.0,100.0
251,2023-08-31,CUST251,Female,57.0,Beauty,4,50.0,200.0
378,2023-06-28,CUST378,Male,50.0,Beauty,1,300.0,300.0
616,2023-09-23,CUST616,Male,41.0,Clothing,2,50.0,100.0
10,2023-10-07,CUST010,Female,52.0,Clothing,4,50.0,200.0
358,2023-05-16,CUST358,Female,32.0,Beauty,1,300.0,300.0
197,2023-03-06,CUST197,Female,42.0,Clothing,4,50.0,200.0
632,2023-09-16,CUST632,female,26.0,Electronics,4,25.0,100.0
82,2023-12-26,CUST082,female,-1.0,Beauty,4,50.0,200.0
527,2023-04-11,CUST527,Male,57.0,Clothing,2,25.0,50.0
831,2023-01-15,CUST831,Male,27.0,Electronics,4,25.0,100.0
906,2023-06-04,CUST906,Female,20.0,Clothing,1,50.0,50.0
240,2023-02-06,CUST240,Female,23.0,Beauty,1,300.0,300.0
324,not-a-date,CUST324,Female,52.0,,3,50.0,150.0
212,2023-06-09,CUST212,Male,21.0,Clothing,3,500.0,1500.0
847,2023-04-08,CUST847,Female,18.0,Electronics,4,300.0,1200.0
549,2023-08-04,CUST549,Female,,Beauty,2,50.0,100.0
498,2023-06-19,CUST498,Female,50.0,Clothing,4,25.0,
228,2023-04-28,CUST228,Female,59.0,Electronics,2,30.0,60.0
892,2023-04-09,CUST892,Male,20.0,Electronics,1,50.0,50.0
815,2023-08-27,CUST815,Female,51.0,Clothing,3,25.0,75.0
829,2023-07-14,CUST829,Male,61.0,Beauty,3,30.0,90.0
178,2023-10-04,CUST178,Male,40.0,Clothing,2,30.0,60.0
975,2023-03-30,CUST975,Female,56.0,Clothing,4,50.0,200.0
434,2023-02-08,CUST434,Female,43.0,Electronics,2,,50.0
944,2023-06-05,CUST944,Male,44.0,Clothing,2,25.0,50.0
517,2023-04-08,CUST517,Female,47.0,Clothing,4,25.0,100.0
351,2023-09-25,CUST351,Female,,Clothing,3,30.0,90.0
519,2023-01-23,CUST519,Female,36.0,Electronics,4,30.0,120.0
8,2023-02-22,CUST008,male,30.0,Electronics,4,25.0,100.0
156,2023-11-25,CUST156,Female,43.0,Clothing,4,25.0,100.0
945,2023-02-13,CUST945,Male,30.0,Beauty,1,25.0,25.0
33,2023-03-23,CUST033,Female,50.0,Electronics,2,50.0,100.0
330,2023-09-18,CUST330,Female,25.0,Beauty,4,50.0,200.0
543,2023-07-26,CUST543,Male,,Beauty,2,,600.0
440,2023-10-26,CUST440,Male,64.0,Clothing,2,300.0,600.0
810,2023-11-30,CUST810,Male,59.0,Electronics,4,25.0,100.0
901,2023-04-10,CUST901,Male,31.0,Electronics,1,30.0,30.0
371,2023-02-21,CUST371,Female,20.0,Beauty,1,25.0,25.0
605,2023-07-24,CUST605,Male,37.0,Electronics,2,500.0,1000.0
974,2023-05-03,CUST974,Male,47.0,Beauty,1,,30.0
594,2023-09-01,CUST594,Female,19.0,Electronics,2,300.0,600.0
877,2023-06-19,CUST877,Female,58.0,Clothing,1,25.0,25.0
555,2023-10-19,CUST555,Male,25.0,Beauty,1,300.0,300.0
754,2023-10-16,CUST754,Female,43.0,Electronics,4,25.0,100.0
874,2023-06-26,CUST874,Male,60.0,Beauty,1,30.0,30.0
533,2023-11-16,CUST533,Male,19.0,Electronics,3,500.0,1500.0
867,2023-06-06,CUST867,Male,21.0,Electronics,1,,845.0351064500277
229,2023-10-29,CUST229,Male,58.0,,3,30.0,90.0
391,2023-01-05,CUST391,Male,19.0,Beauty,2,25.0,50.0
760,2023-03-27,CUST760,Male,27.0,Beauty,1,500.0,500.0
213,2023-07-24,CUST213,male,27.0,Beauty,3,500.0,1500.0
80,2023-12-10,CUST080,Female,64.0,clothing,2,30.0,60.0
149,not-a-date,CUST149,Male,22.0,Clothing,3,25.0,75.0
303,2023-01-02,CUST303,Male,19.0,Electronics,3,30.0,90.0
449,2023-07-03,CUST449,Male,25.0,Electronics,4,50.0,200.0
362,2023-11-27,CUST362,Male,50.0,Clothing,1,25.0,25.0
532,2023-06-19,CUST532,Female,64.0,Clothing,4,30.0,120.0
530,2023-02-05,CUST530,Female,18.0,Electronics,4,30.0,120.0
44,2023-02-19,CUST044,Female,22.0,Clothing,1,25.0,
674,2023-04-16,CUST674,Female,38.0,Clothing,1,300.0,300.0
134,2023-01-25,CUST134,Male,49.0,Electronics,1,50.0,50.0
576,2023-12-04,CUST576,Female,33.0,Beauty,3,50.0,150.0
312,2023-09-07,CUST312,Male,41.0,Clothing,4,30.0,120.0
635,2023-08-17,CUST635,Female,63.0,Electronics,3,300.0,900.0
568,2023-08-27,CUST568,Female,51.0,Electronics,1,300.0,300.0
821,2023-02-14,CUST821,Male,49.0,Electronics,1,300.0,300.0
1,2023-11-24,CUST001,Male,34.0,Beauty,3,50.0,150.0
478,2023-04-13,CUST478,Female,58.0,Clothing,2,30.0,60.0
317,2023-01-30,CUST317,male,22.0,Electronics,3,30.0,90.0
738,2023-04-25,CUST738,Male,41.0,Clothing,2,50.0,100.0
573,2023-09-19,CUST573,Male,49.0,Beauty,2,30.0,60.0
381,2023-07-09,CUST381,Female,44.0,Clothing,4,25.0,169.00702129000553
833,2023-06-16,CUST833,male,42.0,Beauty,4,50.0,338.01404258001105
973,2023-03-22,CUST973,Male,60.0,Clothing,1,50.0,50.0
962,2023-10-19,CUST962,Male,44.0,Clothing,2,30.0,60.0
173,2023-11-08,CUST173,Male,64.0,Electronics,4,30.0,120.0
126,2023-10-26,CUST126,Female,28.0,Clothing,3,30.0,90.0
667,2023-08-01,CUST667,Female,29.0,Electronics,1,500.0,500.0
734,2023-01-10,CUST734,Female,27.0,Clothing,1,30.0,30.0
835,2023-09-07,CUST835,Male,37.0,Clothing,4,50.0,200.0
940,2023-01-28,CUST940,Female,,Electronics,1,30.0,30.0
91,2023-03-25,CUST091,female,55.0,electronics,1,500.0,500.0
979,2023-01-02,CUST979,Female,19.0,Beauty,1,25.0,25.0
182,2023-06-15,CUST182,Male,62.0,Beauty,4,30.0,120.0
364,2023-08-23,CUST364,Female,19.0,Beauty,1,500.0,500.0
275,2023-04-08,CUST275,Male,43.0,Clothing,2,500.0,1000.0
965,2023-11-09,CUST965,Male,22.0,Clothing,4,50.0,200.0
70,2023-02-21,CUST070,Female,43.0,Clothing,1,300.0,300.0
292,2023-02-17,CUST292,Male,20.0,Beauty,4,300.0,1200.0
132,2023-09-10,CUST132,Male,42.0,Electronics,4,50.0,
301,2023-03-26,CUST301,Male,30.0,Clothing,4,30.0,120.0
606,2023-05-05,CUST606,Male,22.0,Electronics,1,50.0,50.0
327,2023-09-29,CUST327,,57.0,electronics,3,50.0,150.0
145,2023-11-02,CUST145,Female,39.0,Clothing,3,25.0,75.0
899,2023-05-25,CUST899,Male,26.0,Clothing,2,300.0,600.0
239,2023-06-19,CUST239,Male,38.0,Electronics,3,500.0,1500.0
669,2023-06-19,CUST669,Male,24.0,Beauty,4,300.0,1200.0
136,2023-03-20,CUST136,Male,,Electronics,2,300.0,600.0
452,2023-05-08,CUST452,,48.0,Clothing,3,500.0,
165,2023-09-14,CUST165,Female,60.0,Clothing,4,300.0,2028.0842554800663
29,2023-08-18,CUST029,Female,42.0,Electronics,1,30.0,30.0
588,2023-04-26,CUST588,Male,38.0,Electronics,2,30.0,60.0
194,,CUST194,Male,55.0,Clothing,4,50.0,200.0
430,2023-08-07,CUST430,,43.0,Electronics,3,300.0,900.0
666,2023-02-02,CUST666,Male,51.0,Electronics,3,50.0,150.0
987,2023-04-29,CUST987,Female,30.0,Clothing,3,300.0,900.0
170,2023-06-02,CUST170,Female,25.0,Clothing,2,25.0,50.0
526,2023-12-10,CUST526,Male,33.0,Clothing,2,50.0,100.0
141,not-a-date,CUST141,Female,22.0,Electronics,1,50.0,84.50351064500276
174,2023-04-12,CUST174,Female,39.0,Beauty,1,300.0,300.0
7,2023-03-13,CUST007,Male,46.0,,2,25.0,50.0
765,2023-06-09,CUST765,Male,43.0,Clothing,4,,200.0
520,2023-12-29,CUST520,Female,49.0,Electronics,4,25.0,100.0
679,2023-01-11,CUST679,Female,18.0,beauty,3,30.0,90.0
74,2023-11-22,CUST074,female,18.0,Beauty,4,500.0,2000.0
714,2023-02-12,CUST714,Female,18.0,Clothing,1,500.0,500.0
676,2023-07-19,CUST676,Male,63.0,Electronics,3,500.0,1500.0
239,2023-06-19,CUST239,Male,38.0,Electronics,3,500.0,1500.0
146,2023-08-28,CUST146,Male,38.0,Clothing,4,50.0,
824,2023-05-05,CUST824,Male,63.0,Clothing,4,30.0,120.0
235,2023-01-31,CUST235,Female,23.0,,2,500.0,1000.0
221,2023-05-07,CUST221,Male,39.0,Beauty,2,300.0,600.0
215,2023-11-29,CUST215,Male,58.0,Clothing,3,500.0,1500.0
689,2023-10-07,CUST689,Male,57.0,Electronics,2,50.0,100.0
133,2023-02-16,CUST133,Male,20.0,Electronics,3,300.0,900.0
666,2023-02-02,CUST666,Male,51.0,Electronics,3,50.0,150.0
458,2023-11-14,CUST458,Female,39.0,Electronics,4,25.0,100.0
685,2023-06-02,CUST685,Male,57.0,Electronics,2,25.0,50.0
423,2023-03-08,CUST423,Female,27.0,Clothing,1,25.0,25.0
186,2023-07-05,CUST186,Male,20.0,Clothing,4,50.0,200.0
42,2023-02-17,CUST042,Male,22.0,Clothing,3,300.0,900.0
639,2023-05-13,CUST639,Female,62.0,Beauty,4,,200.0
109,2023-10-18,CUST109,Female,34.0,Electronics,4,500.0,2000.0
617,2023-08-26,CUST617,Male,34.0,Electronics,1,30.0,30.0
57,2023-11-18,CUST057,Female,63.0,beauty,1,30.0,30.0
450,2023-04-18,CUST450,Female,,Beauty,2,25.0,50.0
774,2023-04-12,CUST774,Female,40.0,Clothing,2,25.0,50.0
590,2023-03-17,CUST590,Male,36.0,Clothing,3,300.0,900.0
896,2023-10-29,CUST896,Female,30.0,Electronics,2,25.0,50.0
436,2023-03-18,CUST436,Female,,Clothing,4,30.0,120.0
25,2023-12-26,CUST025,Female,64.0,Beauty,1,50.0,50.0
811,not-a-date,CUST811,Male,,Beauty,2,25.0,50.0
495,2023-07-24,CUST495,Male,24.0,Beauty,2,30.0,60.0
827,2023-11-09,CUST827,Male,-1.0,Beauty,3,300.0,900.0
982,2023-12-19,CUST982,Female,46.0,Beauty,3,30.0,90.0
929,2023-01-27,CUST929,,23.0,Beauty,3,25.0,75.0
966,2023-02-20,CUST966,Male,60.0,Electronics,2,500.0,1000.0
339,2023-03-03,CUST339,Female,22.0,Electronics,2,,50.0
52,2023-03-05,CUST052,Female,36.0,Beauty,1,300.0,300.0
384,2023-08-13,CUST384,Male,55.0,Clothing,1,500.0,500.0
540,2023-12-08,CUST540,Female,46.0,,3,300.0,900.0
992,2023-08-21,CUST992,Female,57.0,Electronics,2,30.0,60.0
661,2023-07-16,CUST661,Female,44.0,Clothing,4,25.0,100.0
964,2023-01-31,CUST964,Male,24.0,clothing,3,300.0,900.0
265,2023-12-11,CUST265,Male,55.0,Clothing,3,300.0,900.0
955,2023-07-14,CUST955,Male,58.0,Clothing,1,25.0,25.0
742,2023-01-21,CUST742,Female,,Electronics,4,500.0,2000.0
713,2023-01-14,CUST713,Male,34.0,Beauty,3,25.0,75.0
445,2023-01-22,CUST445,Female,53.0,Electronics,1,300.0,300.0
396,2023-02-23,CUST396,Female,55.0,beauty,1,30.0,30.0
542,2023-06-17,CUST542,,20.0,Beauty,1,50.0,50.0
496,2023-12-14,CUST496,Male,23.0,Clothing,2,300.0,600.0
19,2023-09-16,CUST019,Female,62.0,Clothing,2,25.0,50.0
747,2023-11-15,CUST747,male,23.0,Beauty,1,30.0,30.0
523,2023-09-24,CUST523,Female,62.0,Electronics,1,300.0,300.0
595,2023-11-09,CUST595,Female,18.0,Clothing,4,500.0,2000.0
480,2023-06-29,CUST480,Female,42.0,Beauty,4,500.0,2000.0
368,2023-08-23,CUST368,Female,56.0,clothing,4,300.0,1200.0
84,2023-11-28,CUST084,Female,38.0,Electronics,3,30.0,90.0
62,2023-12-27,CUST062,Male,18.0,Beauty,2,50.0,100.0
484,2023-01-13,CUST484,Female,19.0,Clothing,4,300.0,1200.0
273,2023-05-08,CUST273,Female,22.0,Beauty,1,50.0,50.0
286,2023-10-09,CUST286,Male,,Electronics,2,25.0,50.0
361,2023-12-10,CUST361,Female,34.0,Electronics,4,300.0,1200.0
355,2023-12-09,CUST355,Female,55.0,Electronics,1,500.0,500.0
612,2023-08-06,CUST612,Female,61.0,,1,500.0,500.0
279,2023-08-05,CUST279,Male,50.0,Clothing,1,500.0,500.0
13,2023-08-05,CUST013,Male,22.0,Electronics,3,500.0,1500.0
183,2023-09-08,CUST183,Female,43.0,Beauty,3,300.0,900.0
369,2023-11-15,CUST369,Male,23.0,Electronics,3,500.0,1500.0
528,2023-07-06,CUST528,Female,36.0,Clothing,2,30.0,60.0
644,2023-09-06,CUST644,Male,23.0,Beauty,-3,25.0,75.0
224,2023-06-23,,Female,25.0,Clothing,1,50.0,50.0
600,2023-10-22,CUST600,Female,59.0,Beauty,2,500.0,1000.0
766,2023-02-25,CUST766,Male,38.0,,3,300.0,900.0
707,2023-10-01,CUST707,Female,26.0,Clothing,1,500.0,500.0
571,2023-12-12,,Female,41.0,electronics,1,50.0,
487,2023-07-24,CUST487,Male,44.0,Clothing,4,500.0,2000.0
466,2023-06-20,CUST466,Male,63.0,Electronics,4,25.0,100.0
933,2023-02-03,CUST933,Male,22.0,Beauty,1,30.0,30.0
637,2023-09-01,CUST637,Male,43.0,Clothing,2,300.0,600.0
177,2023-03-24,CUST177,Male,45.0,Beauty,2,50.0,100.0
696,2023-09-06,CUST696,Female,50.0,Clothing,4,50.0,200.0
656,2023-10-04,CUST656,Male,29.0,Beauty,3,30.0,90.0
614,2023-04-01,CUST614,female,39.0,Beauty,4,300.0,1200.0
457,2023-07-28,CUST457,Female,58.0,beauty,3,300.0,900.0
545,2023-06-01,CUST545,Male,27.0,Clothing,2,25.0,50.0
394,2023-06-03,CUST394,,27.0,Clothing,1,500.0,500.0
164,2023-05-15,CUST164,,47.0,Beauty,3,500.0,1500.0
249,2023-10-20,CUST249,Male,20.0,Clothing,1,50.0,50.0
663,2023-03-20,CUST663,Male,23.0,Clothing,4,300.0,1200.0
921,2023-01-07,CUST921,Male,51.0,Electronics,3,25.0,75.0
998,2023-10-29,CUST998,Female,23.0,Beauty,4,25.0,100.0
376,2023-05-16,,Female,64.0,Beauty,1,30.0,30.0
413,2023-09-08,CUST413,Female,44.0,Beauty,3,25.0,75.0
75,2023-07-06,CUST075,Male,61.0,Beauty,4,50.0,200.0
917,2023-03-06,CUST917,Female,57.0,Electronics,4,50.0,200.0
114,2023-07-22,CUST114,Female,22.0,Beauty,4,25.0,100.0
501,not-a-date,CUST501,Male,39.0,Electronics,2,30.0,60.0
586,2023-12-11,CUST586,Male,50.0,Electronics,1,50.0,50.0
115,2023-11-26,CUST115,Male,,Clothing,3,500.0,1500.0
418,2023-08-05,CUST418,Female,60.0,Electronics,2,500.0,1000.0
90,2023-05-06,CUST090,Female,51.0,Electronics,1,30.0,30.0
959,2023-10-29,CUST959,Female,42.0,,2,30.0,60.0
902,2023-06-01,CUST902,Female,54.0,Beauty,1,50.0,50.0
634,2023-10-08,CUST634,Male,60.0,Electronics,4,500.0,2000.0
678,2023-12-23,CUST678,Female,60.0,Electronics,3,300.0,900.0
12,2023-10-30,CUST012,Male,35.0,Beauty,3,25.0,75.0
397,2023-03-10,CUST397,Female,30.0,Beauty,1,25.0,25.0
558,2023-10-08,CUST558,female,41.0,Clothing,1,25.0,25.0
43,2023-07-14,CUST043,Female,48.0,Clothing,1,300.0,300.0
168,2023-02-24,CUST168,Male,-1.0,Clothing,1,300.0,300.0
417,2023-11-21,CUST417,male,43.0,Electronics,3,300.0,900.0
788,2023-06-27,CUST788,Female,52.0,Beauty,3,300.0,900.0
427,2023-08-15,CUST427,Male,25.0,Electronics,1,25.0,25.0
918,2023-11-23,CUST918,Female,42.0,Electronics,3,30.0,90.0
26,2023-10-07,CUST026,Female,28.0,Electronics,2,500.0,1000.0
715,not-a-date,CUST715,Female,42.0,Beauty,4,25.0,100.0
732,2023-02-11,CUST732,Male,61.0,Electronics,2,500.0,1000.0
258,2023-12-04,CUST258,Female,37.0,Clothing,1,,50.0
336,2023-12-12,CUST336,Female,52.0,Beauty,3,50.0,150.0
16,2023-02-17,CUST016,Male,19.0,Clothing,3,500.0,1500.0
658,2023-03-12,CUST658,Male,59.0,Clothing,1,25.0,25.0
325,2023-09-02,CUST325,Female,52.0,Electronics,2,25.0,50.0
790,2023-08-08,CUST790,Male,62.0,Clothing,1,25.0,25.0
223,2023-02-02,CUST223,Female,64.0,clothing,1,25.0,25.0
180,2023-01-01,CUST180,Male,41.0,Clothing,3,300.0,900.0
100,2023-06-16,CUST100,Male,41.0,Electronics,1,30.0,30.0
522,2023-01-01,CUST522,Male,46.0,beauty,3,500.0,1500.0
23,2023-04-12,CUST023,Female,35.0,Clothing,4,30.0,120.0
357,2023-05-03,CUST357,Female,40.0,Electronics,3,25.0,75.0
697,2023-01-15,CUST697,,53.0,,1,500.0,500.0
897,2023-09-26,CUST897,Female,64.0,Electronics,2,50.0,100.0
341,2023-05-07,CUST341,Male,31.0,Clothing,4,50.0,338.01404258001105
432,2023-01-05,CUST432,female,60.0,Electronics,2,500.0,1000.0
577,2023-02-13,CUST577,Male,21.0,Beauty,4,500.0,2000.0
868,,CUST868,female,25.0,Electronics,1,300.0,300.0
204,2023-09-28,CUST204,Male,39.0,Beauty,1,25.0,25.0
737,2023-06-29,CUST737,Female,33.0,Clothing,1,50.0,50.0
94,2023-05-19,CUST094,,47.0,Beauty,2,500.0,1000.0
584,not-a-date,CUST584,Female,27.0,Beauty,4,50.0,200.0
69,2023-04-30,CUST069,Female,56.0,Beauty,3,25.0,75.0
651,2023-05-27,CUST651,Male,51.0,Clothing,3,50.0,150.0
285,2023-08-15,CUST285,Female,31.0,Electronics,1,25.0,25.0
837,2023-07-01,CUST837,Male,18.0,Beauty,3,30.0,90.0
435,2023-12-20,CUST435,Female,30.0,Beauty,3,300.0,900.0
154,2023-10-02,CUST154,Male,51.0,Electronics,3,300.0,900.0
76,2023-03-25,CUST076,Female,22.0,Electronics,2,50.0,100.0
762,2023-11-07,CUST762,Female,24.0,Electronics,2,25.0,50.0
447,2023-07-06,CUST447,Male,22.0,Beauty,4,500.0,2000.0
189,2023-01-30,CUST189,Male,63.0,Beauty,1,50.0,50.0
272,not-a-date,CUST272,Female,61.0,Electronics,2,50.0,100.0
237,2023-02-04,CUST237,female,50.0,beauty,2,500.0,1000.0
488,2023-06-18,CUST488,Female,51.0,Electronics,3,300.0,
560,2023-06-05,CUST560,Female,25.0,Electronics,1,50.0,50.0
118,2023-05-16,CUST118,Female,30.0,Electronics,4,500.0,3380.1404258001107
852,2023-10-12,CUST852,Female,41.0,Clothing,1,300.0,300.0
513,2023-09-19,CUST513,Male,24.0,Electronics,4,25.0,100.0
579,2023-09-21,CUST579,Female,38.0,Electronics,1,30.0,30.0
828,2023-12-09,CUST828,Female,33.0,Electronics,4,300.0,1200.0
127,2023-07-24,CUST127,Female,33.0,Clothing,2,25.0,50.0
117,2023-03-15,CUST117,Male,19.0,Electronics,2,500.0,1690.0702129000554
474,2023-07-15,CUST474,Female,26.0,Clothing,3,500.0,1500.0
724,2023-04-19,CUST724,Male,61.0,Clothing,3,50.0,150.0
58,2023-11-13,CUST058,Male,18.0,Clothing,4,300.0,1200.0
705,2023-03-07,CUST705,,60.0,Electronics,2,25.0,50.0
949,2023-08-02,CUST949,Female,41.0,Electronics,2,25.0,50.0
370,2023-10-16,CUST370,Male,23.0,Electronics,2,30.0,60.0
269,not-a-date,CUST269,Male,25.0,Clothing,4,500.0,2000.0
47,2023-11-06,CUST047,Female,40.0,Beauty,3,500.0,1500.0
350,2023-10-17,CUST350,Male,25.0,Beauty,3,25.0,75.0
196,2023-09-30,CUST196,Female,32.0,Clothing,3,300.0,900.0
103,2023-01-17,CUST103,Female,59.0,Clothing,1,25.0,42.25175532250138
869,2023-10-25,CUST869,Male,37.0,Beauty,3,500.0,1500.0
722,2023-07-14,CUST722,Male,20.0,Beauty,3,300.0,900.0
768,2023-01-14,CUST768,Female,24.0,Beauty,3,25.0,75.0
264,2023-01-28,CUST264,Male,47.0,Clothing,3,300.0,900.0
444,2023-03-07,CUST444,Female,61.0,Clothing,3,30.0,90.0
706,2023-11-15,CUST706,Male,51.0,Electronics,4,25.0,100.0
305,2023-05-16,CUST305,Female,18.0,Beauty,1,30.0,30.0
342,2023-10-24,CUST342,Female,43.0,Clothing,4,500.0,2000.0
627,2023-10-14,CUST627,Male,57.0,Clothing,1,50.0,50.0
755,2023-04-22,CUST755,Female,58.0,Clothing,3,25.0,75.0
150,2023-01-06,CUST150,Female,58.0,Electronics,4,30.0,120.0
125,,CUST125,Male,48.0,Clothing,2,50.0,169.00702129000553
818,2023-05-18,CUST818,Male,,Electronics,1,,500.0
856,2023-11-27,CUST856,Male,54.0,Electronics,4,30.0,120.0
51,2023-10-02,CUST051,Male,27.0,beauty,3,25.0,75.0
354,2023-04-15,CUST354,Female,49.0,Beauty,4,50.0,200.0
967,2023-04-17,CUST967,Male,62.0,Beauty,1,25.0,25.0
143,2023-07-17,CUST143,,45.0,clothing,1,50.0,50.0
471,2023-03-23,CUST471,Male,32.0,Clothing,3,50.0,150.0
400,2023-02-24,CUST400,Male,53.0,Clothing,4,50.0,200.0
654,2023-06-21,CUST654,Male,42.0,Clothing,3,25.0,75.0
321,2023-06-10,CUST321,Female,26.0,Electronics,2,25.0,50.0
20,not-a-date,CUST020,male,22.0,Clothing,3,300.0,900.0
843,2023-05-22,CUST843,Male,21.0,Beauty,3,500.0,1500.0
947,2023-03-02,CUST947,Male,,Beauty,1,300.0,300.0
842,,CUST842,Female,47.0,Clothing,2,300.0,600.0
408,2023-04-15,CUST408,Female,64.0,,1,500.0,500.0
538,2023-09-17,CUST538,Male,18.0,Clothing,3,50.0,150.0
880,2023-08-21,CUST880,Male,22.0,Beauty,2,500.0,1000.0
39,2023-04-21,CUST039,Male,23.0,Clothing,4,30.0,120.0
176,2023-07-11,CUST176,Female,43.0,Beauty,2,,100.0
246,2023-04-20,CUST246,Female,-1.0,Electronics,2,25.0,50.0
938,2023-11-19,CUST938,Male,49.0,Clothing,4,50.0,200.0
698,2023-07-19,CUST698,Female,64.0,Electronics,1,300.0,300.0
786,2023-10-17,CUST786,Male,48.0,Clothing,4,25.0,100.0
894,2023-09-05,CUST894,Male,52.0,electronics,1,30.0,30.0
155,2023-05-17,CUST155,male,31.0,Electronics,4,500.0,3380.1404258001107
288,2023-01-26,,Male,28.0,Clothing,4,30.0,120.0
631,2023-11-10,CUST631,Male,56.0,Electronics,3,30.0,90.0
570,2023-08-15,CUST570,,49.0,Clothing,1,500.0,500.0
775,2023-02-08,CUST775,Female,46.0,Electronics,4,25.0,100.0
18,2023-04-30,CUST018,Female,47.0,Electronics,2,25.0,50.0
128,2023-07-05,CUST128,Male,25.0,Beauty,1,500.0,500.0
323,2023-01-26,CUST323,Female,29.0,Beauty,3,300.0,1521.06319161005
256,2023-02-18,CUST256,,23.0,Clothing,2,500.0,1000.0
993,2023-02-06,CUST993,Female,48.0,Electronics,3,50.0,150.0
229,2023-10-29,CUST229,Male,58.0,Beauty,3,30.0,90.0
191,2023-10-18,CUST191,Male,64.0,Beauty,1,25.0,25.0
116,2023-08-23,CUST116,Female,23.0,Clothing,1,30.0,30.0
645,2023-11-17,CUST645,Female,,Electronics,4,30.0,120.0
607,2023-03-17,CUST607,Male,54.0,Clothing,3,25.0,75.0
181,2023-11-03,CUST181,Male,19.0,Electronics,4,300.0,1200.0
302,2023-07-14,CUST302,Male,57.0,Beauty,2,300.0,600.0
791,2023-12-05,CUST791,Female,51.0,Beauty,1,25.0,25.0
744,2023-05-07,CUST744,Male,40.0,Electronics,1,,25.0
755,2023-04-22,CUST755,Female,58.0,Clothing,3,25.0,75.0
716,2023-08-08,CUST716,Female,60.0,Clothing,4,300.0,1200.0
793,2023-02-05,CUST793,Male,54.0,Beauty,1,30.0,30.0
518,2023-05-11,CUST518,Female,40.0,Clothing,1,30.0,30.0
373,2023-10-03,CUST373,Female,25.0,Beauty,2,300.0,600.0
46,2023-06-26,CUST046,Female,20.0,Electronics,4,300.0,1200.0
946,2023-05-08,CUST946,Male,62.0,Electronics,4,500.0,2000.0
158,2023-02-27,CUST158,Female,44.0,Electronics,2,300.0,600.0
961,2023-06-06,CUST961,Male,53.0,Beauty,4,50.0,200.0
172,2023-09-17,CUST172,Male,32.0,Beauty,2,25.0,50.0
17,2023-04-22,CUST017,female,27.0,Clothing,4,25.0,100.0
512,2023-11-07,CUST512,female,57.0,Beauty,1,25.0,42.25175532250138
49,2023-01-23,CUST049,Female,54.0,electronics,2,500.0,1000.0
559,2023-01-01,CUST559,Female,40.0,Clothing,4,300.0,1200.0
875,2023-08-06,CUST875,Female,51.0,Electronics,4,500.0,2000.0
516,2023-10-23,CUST516,Male,30.0,Beauty,4,25.0,100.0
717,2023-03-11,CUST717,Male,57.0,clothing,1,500.0,500.0
481,2023-06-06,CUST481,Female,43.0,Electronics,4,300.0,1200.0
284,2023-02-08,CUST284,Male,,Clothing,4,50.0,200.0
750,2023-03-06,CUST750,Female,35.0,Clothing,3,25.0,75.0
866,2023-05-05,CUST866,,24.0,Electronics,1,50.0,50.0
226,2023-10-29,CUST226,Female,61.0,Clothing,1,50.0,50.0
27,2023-08-03,CUST027,Female,38.0,Beauty,2,25.0,50.0
814,2023-09-05,CUST814,Female,59.0,Clothing,1,500.0,500.0
438,2023-01-19,CUST438,Female,42.0,Clothing,1,30.0,50.70210638700166
991,2023-12-26,CUST991,Female,34.0,Clothing,2,50.0,100.0
365,2023-06-11,CUST365,Male,31.0,Clothing,1,300.0,300.0
230,2023-04-23,CUST230,male,54.0,Beauty,1,,25.0
38,2023-03-21,CUST038,Male,38.0,Beauty,4,50.0,200.0
670,2023-10-05,CUST670,Male,27.0,Beauty,1,30.0,30.0
143,2023-07-17,CUST143,Female,45.0,Clothing,1,50.0,50.0
375,2023-09-17,CUST375,Male,32.0,Clothing,1,50.0,50.0
470,2023-05-17,CUST470,Female,,Clothing,2,500.0,1000.0
105,2023-07-25,CUST105,Female,22.0,Electronics,1,500.0,500.0
886,2023-04-09,CUST886,Male,37.0,Electronics,3,300.0,900.0
735,2023-10-04,CUST735,Female,64.0,Clothing,4,500.0,2000.0
757,not-a-date,CUST757,female,43.0,Electronics,4,300.0,1200.0
195,2023-02-05,CUST195,Male,52.0,Clothing,1,30.0,30.0
890,2023-12-20,CUST890,Male,34.0,electronics,2,25.0,50.0
900,2023-02-21,CUST900,Male,21.0,Clothing,2,30.0,60.0
504,2023-05-16,CUST504,Female,38.0,Beauty,3,50.0,150.0
759,2023-07-08,CUST759,Male,49.0,Electronics,2,50.0,100.0
865,2023-12-21,,Female,42.0,,1,300.0,300.0
580,2023-12-06,CUST580,Female,31.0,Clothing,3,500.0,1500.0
693,2023-04-23,CUST693,Male,,Beauty,3,500.0,1500.0
681,2023-07-14,CUST681,Female,43.0,electronics,2,30.0,60.0
163,2023-01-02,CUST163,Female,64.0,Clothing,3,50.0,150.0
733,2023-08-29,CUST733,male,34.0,Beauty,1,30.0,30.0
153,2023-12-16,CUST153,Male,63.0,Electronics,2,500.0,1000.0
712,2023-12-06,CUST712,Female,57.0,Beauty,2,25.0,50.0
731,2023-05-10,CUST731,Male,54.0,Clothing,4,500.0,2000.0
787,2023-01-22,CUST787,Male,41.0,Electronics,1,25.0,25.0
112,2023-12-02,CUST112,Male,37.0,Clothing,3,500.0,1500.0
227,2023-10-11,CUST227,Male,36.0,Electronics,2,50.0,100.0
719,2023-04-04,CUST719,Female,42.0,Clothing,2,30.0,60.0
104,2023-06-11,CUST104,Female,34.0,Beauty,2,500.0,1690.0702129000554
422,2023-06-20,CUST422,Female,28.0,Clothing,3,30.0,90.0
420,2023-01-23,CUST420,Female,22.0,Clothing,4,500.0,2000.0
782,2023-06-04,CUST782,Male,59.0,,3,300.0,900.0
587,2023-06-08,CUST587,Female,40.0,Beauty,4,300.0,1200.0
812,2023-11-12,CUST812,Male,19.0,Electronics,3,25.0,75.0
673,2023-02-01,CUST673,Female,43.0,clothing,3,500.0,1500.0
120,2023-05-07,CUST120,Male,60.0,Beauty,1,50.0,84.50351064500276
54,2023-02-10,CUST054,Female,38.0,Electronics,3,500.0,1500.0
152,2023-02-28,CUST152,Male,43.0,Electronics,4,500.0,2000.0
404,2023-05-25,CUST404,Male,46.0,electronics,2,500.0,1000.0
985,2023-05-30,CUST985,Female,19.0,Electronics,2,25.0,50.0
208,2023-10-04,CUST208,Female,34.0,Electronics,4,50.0,200.0
659,2023-03-19,CUST659,Female,39.0,Electronics,1,30.0,30.0
925,2023-09-03,CUST925,Male,25.0,Electronics,1,,300.0
794,2023-09-17,CUST794,Female,60.0,Beauty,1,300.0,300.0
9,2023-12-13,CUST009,Male,63.0,Electronics,2,300.0,600.0
980,2023-07-29,CUST980,Female,31.0,Electronics,3,25.0,75.0
37,2023-05-23,CUST037,Female,18.0,Beauty,3,25.0,75.0
453,2023-12-08,CUST453,Female,26.0,Clothing,2,500.0,1000.0
652,2023-05-01,CUST652,Female,34.0,Beauty,2,50.0,100.0
254,2023-07-28,CUST254,Male,41.0,Electronics,1,500.0,500.0
304,2023-07-19,CUST304,female,37.0,Electronics,2,30.0,60.0
778,2023-11-18,CUST778,Female,,Beauty,4,25.0,100.0
572,2023-04-20,CUST572,Male,31.0,clothing,4,500.0,2000.0
624,2023-08-26,CUST624,Female,34.0,Beauty,3,300.0,900.0
741,2023-11-30,CUST741,,48.0,Clothing,1,300.0,300.0
751,2023-08-31,CUST751,Female,42.0,Clothing,2,25.0,50.0
263,2023-08-28,CUST263,Male,23.0,Beauty,2,,60.0
611,2023-02-24,CUST611,Male,51.0,Beauty,3,500.0,1500.0
298,2023-04-20,CUST298,Male,27.0,Beauty,4,300.0,1200.0
415,2023-01-27,CUST415,Male,53.0,Clothing,2,30.0,60.0
151,not-a-date,CUST151,Male,29.0,Clothing,1,50.0,50.0
820,2023-05-06,CUST820,Male,49.0,Electronics,4,50.0,200.0
641,2023-11-23,CUST641,Female,40.0,Electronics,1,300.0,300.0
926,2023-08-14,CUST926,Male,22.0,Electronics,1,30.0,30.0
551,2023-07-14,CUST551,Male,45.0,Electronics,3,300.0,900.0
823,2023-08-19,CUST823,Female,56.0,Electronics,2,50.0,100.0
489,2023-05-23,CUST489,Male,44.0,Electronics,-3,30.0,30.0
711,2023-10-16,CUST711,Male,26.0,Electronics,3,500.0,1500.0
148,2023-05-09,CUST148,Male,18.0,Clothing,2,30.0,60.0
147,2023-09-28,CUST147,Male,,Electronics,1,300.0,300.0
752,2023-12-09,CUST752,Male,29.0,Clothing,2,50.0,100.0
971,2023-12-05,CUST971,Female,27.0,Electronics,4,50.0,200.0
771,2023-12-13,CUST771,Male,24.0,Electronics,2,25.0,50.0
660,2023-04-29,CUST660,Female,38.0,Beauty,2,500.0,1000.0
349,2023-10-26,CUST349,Female,57.0,Beauty,1,50.0,50.0
464,2023-01-13,CUST464,Male,38.0,Electronics,2,300.0,600.0
326,2023-09-15,CUST326,Female,18.0,Clothing,3,25.0,75.0
187,2023-06-07,CUST187,Female,,Clothing,2,50.0,100.0
124,2023-10-27,CUST124,Male,33.0,Clothing,4,500.0,2000.0
889,2023-10-02,CUST889,Female,35.0,Electronics,1,50.0,50.0
609,2023-12-19,CUST609,Female,47.0,Clothing,2,50.0,100.0
144,2023-07-15,CUST144,Female,59.0,Beauty,3,500.0,1500.0
655,2023-06-13,CUST655,female,55.0,,1,500.0,500.0
198,2023-03-07,CUST198,Female,54.0,Beauty,3,300.0,900.0
610,2023-01-03,CUST610,Female,26.0,Beauty,2,300.0,600.0
280,2023-04-04,CUST280,Female,37.0,Clothing,3,500.0,1500.0
294,2023-03-27,CUST294,Female,23.0,Clothing,3,30.0,90.0
401,2023-10-11,CUST401,Female,62.0,Clothing,1,300.0,300.0
123,2023-05-15,CUST123,Female,40.0,Electronics,2,30.0,60.0
184,2023-01-10,CUST184,Male,31.0,Electronics,4,50.0,200.0
203,2023-05-16,CUST203,Male,56.0,Clothing,2,500.0,1000.0
439,2023-07-09,CUST439,Male,50.0,Clothing,3,25.0,
247,2023-10-04,CUST247,Male,41.0,Electronics,2,30.0,60.0
416,2023-02-17,CUST416,Male,53.0,Electronics,4,500.0,2000.0
808,2023-04-01,CUST808,Male,33.0,Beauty,4,500.0,2000.0
797,2023-01-07,CUST797,Male,40.0,Clothing,3,25.0,75.0
960,2023-08-08,CUST960,Male,59.0,Clothing,2,30.0,60.0
800,2023-02-24,CUST800,Male,32.0,Clothing,4,300.0,2028.0842554800663
924,2023-08-29,CUST924,Male,55.0,Beauty,2,50.0,100.0
130,2023-03-12,CUST130,Female,57.0,Clothing,1,500.0,500.0
638,2023-08-19,CUST638,Male,46.0,Electronics,1,500.0,500.0
403,2023-05-20,CUST403,Male,32.0,Clothing,2,300.0,600.0
937,not-a-date,CUST937,Female,62.0,Beauty,1,500.0,500.0
802,2023-07-05,CUST802,Female,46.0,Beauty,1,30.0,30.0
736,2023-01-27,CUST736,,29.0,Clothing,4,25.0,100.0
950,2023-11-07,CUST950,Male,36.0,Clothing,3,300.0,900.0
220,2023-03-03,CUST220,male,64.0,Beauty,1,500.0,500.0
642,2023-05-22,CUST642,Female,54.0,Clothing,4,25.0,100.0
952,2023-11-13,CUST952,Female,57.0,Clothing,1,25.0,25.0
784,2023-11-04,CUST784,Female,34.0,electronics,1,500.0,500.0
888,2023-03-03,CUST888,Female,52.0,Electronics,4,25.0,100.0
957,,CUST957,Female,60.0,Electronics,4,30.0,120.0
625,2023-12-08,CUST625,Male,31.0,Clothing,1,300.0,300.0
873,2023-09-29,CUST873,Female,27.0,Electronics,4,25.0,100.0
923,2023-05-26,CUST923,Male,32.0,Beauty,3,300.0,900.0
387,2023-06-04,CUST387,Male,44.0,Beauty,1,30.0,30.0
90,2023-05-06,CUST090,Female,51.0,Electronics,1,30.0,30.0
510,2023-06-10,,Female,39.0,Beauty,4,50.0,200.0
268,2023-02-20,CUST268,female,28.0,Electronics,1,30.0,30.0
853,2023-05-04,CUST853,Male,21.0,Beauty,2,500.0,1000.0
442,2023-03-17,CUST442,Female,60.0,Clothing,4,25.0,100.0
497,2023-10-02,CUST497,Male,41.0,Clothing,4,30.0,120.0
113,2023-09-13,CUST113,Female,41.0,Electronics,2,25.0,50.0
692,2023-09-07,CUST692,Female,64.0,Clothing,2,50.0,100.0
233,2023-12-29,CUST233,Female,51.0,Beauty,2,300.0,600.0
905,2023-04-02,CUST905,male,58.0,Beauty,1,300.0,300.0
608,2023-12-02,CUST608,Female,55.0,Electronics,3,500.0,2535.105319350083
672,2023-08-01,CUST672,Female,34.0,Beauty,2,50.0,100.0
374,2023-04-20,CUST374,Female,59.0,Beauty,3,25.0,75.0
617,2023-08-26,CUST617,Male,34.0,Electronics,1,30.0,30.0
878,2023-06-30,CUST878,Female,,Clothing,1,30.0,30.0
234,2023-11-20,CUST234,Female,62.0,Electronics,2,25.0,50.0
817,2023-10-31,CUST817,Male,30.0,beauty,4,50.0,200.0
677,2023-10-27,CUST677,Female,19.0,Beauty,3,500.0,
318,2023-10-24,CUST318,Male,61.0,Clothing,1,25.0,42.25175532250138
649,2023-02-09,CUST649,Female,58.0,Clothing,2,300.0,600.0
411,2023-05-16,CUST411,Male,62.0,Electronics,4,50.0,200.0
935,2023-09-09,CUST935,Female,34.0,Beauty,1,50.0,50.0
710,2023-10-31,CUST710,Female,26.0,Electronics,3,500.0,1500.0
359,2023-07-22,CUST359,Male,50.0,Clothing,1,50.0,50.0
259,2023-08-09,CUST259,Female,45.0,Clothing,4,50.0,200.0
745,2023-04-13,CUST745,Male,54.0,Beauty,2,50.0,100.0
628,2023-11-01,CUST628,Female,19.0,Beauty,4,50.0,200.0
633,2023-08-07,CUST633,Male,39.0,Beauty,4,30.0,120.0
283,2023-05-08,CUST283,Female,18.0,Electronics,1,500.0,500.0
377,2023-03-09,CUST377,Female,46.0,Clothing,4,50.0,200.0
385,2023-10-06,CUST385,Male,50.0,Electronics,3,500.0,1500.0
225,2023-01-11,CUST225,Female,,Beauty,4,25.0,100.0
995,2023-04-30,CUST995,Female,41.0,Clothing,1,30.0,
848,2023-02-13,CUST848,Female,63.0,Clothing,3,25.0,75.0
473,2023-02-25,CUST473,Male,64.0,Beauty,1,50.0,50.0
348,2023-12-03,CUST348,Female,35.0,Electronics,2,300.0,600.0
506,2023-02-25,CUST506,Male,,Beauty,3,500.0,1500.0
640,2023-05-07,CUST640,Female,51.0,Electronics,4,30.0,120.0
204,2023-09-28,CUST204,Male,39.0,Beauty,1,25.0,25.0
798,2023-08-04,CUST798,Male,61.0,Clothing,1,50.0,50.0
968,2023-11-17,CUST968,Female,48.0,Clothing,3,300.0,900.0
942,2023-03-18,CUST942,Male,51.0,Clothing,3,500.0,1500.0
620,2023-05-08,CUST620,male,63.0,Electronics,3,25.0,75.0
891,2023-04-05,CUST891,Male,41.0,,3,300.0,900.0
836,2023-04-19,CUST836,Female,22.0,Clothing,1,50.0,50.0
646,2023-05-03,CUST646,Male,38.0,Clothing,3,30.0,90.0
882,2023-06-06,CUST882,Female,64.0,Electronics,2,25.0,50.0
557,2023-07-27,CUST557,Female,20.0,Beauty,3,30.0,90.0
1000,2023-04-12,CUST1000,Male,47.0,Electronics,4,30.0,120.0
578,2023-05-26,CUST578,female,54.0,Clothing,4,30.0,120.0
796,2023-06-24,CUST796,Male,43.0,Beauty,4,30.0,120.0
86,2023-11-08,CUST086,male,19.0,Beauty,3,30.0,90.0
243,2023-05-23,CUST243,Female,47.0,Electronics,3,300.0,900.0
699,2023-06-22,CUST699,Female,37.0,Clothing,4,30.0,120.0
910,2023-03-06,CUST910,Female,20.0,Beauty,3,50.0,150.0
160,2023-08-11,CUST160,Female,43.0,Clothing,2,50.0,100.0
525,2023-12-18,CUST525,Female,47.0,Beauty,2,25.0,50.0
36,2023-06-24,CUST036,Male,52.0,Beauty,3,300.0,900.0
541,2023-07-29,CUST541,male,56.0,Beauty,1,500.0,500.0
171,2023-11-24,CUST171,Female,52.0,Clothing,3,300.0,900.0
655,2023-06-13,CUST655,Female,55.0,Clothing,1,500.0,500.0
927,2023-06-24,CUST927,Male,43.0,Electronics,4,500.0,2000.0
893,2023-04-21,CUST893,Male,49.0,Electronics,1,50.0,50.0
883,,CUST883,Male,40.0,Electronics,1,500.0,500.0
984,2023-08-29,CUST984,Male,56.0,Clothing,1,500.0,500.0
734,2023-01-10,CUST734,Female,27.0,Clothing,1,30.0,30.0
96,2023-12-19,CUST096,Female,44.0,Clothing,2,300.0,600.0
564,2023-10-24,CUST564,Male,50.0,Electronics,2,50.0,100.0
241,2023-09-21,CUST241,Female,23.0,Electronics,3,25.0,75.0
743,2023-01-16,CUST743,Female,34.0,Beauty,4,500.0,2000.0
575,2023-03-28,CUST575,Male,60.0,Clothing,2,50.0,100.0
691,2023-04-23,CUST691,Female,51.0,Clothing,3,30.0,90.0
461,2023-03-25,CUST461,Female,18.0,Beauty,2,500.0,
554,2023-11-12,CUST554,Female,46.0,Beauty,3,50.0,150.0
858,2023-09-09,CUST858,Male,23.0,Electronics,2,50.0,100.0
914,2023-10-11,CUST914,Female,59.0,Electronics,1,500.0,500.0
207,2023-04-19,CUST207,,42.0,Beauty,2,25.0,50.0
393,2023-10-11,,Female,22.0,Beauty,2,500.0,1000.0
795,2023-11-28,CUST795,Male,57.0,Electronics,1,300.0,300.0
398,2023-05-16,CUST398,Female,48.0,Clothing,2,300.0,600.0
767,2023-10-24,CUST767,Male,39.0,Beauty,3,25.0,75.0
884,2023-04-29,CUST884,Female,26.0,clothing,2,30.0,60.0
218,2023-09-22,CUST218,Male,64.0,,3,30.0,90.0
5,2023-05-06,CUST005,Male,30.0,Beauty,2,50.0,169.00702129000553
769,2023-06-09,CUST769,Female,31.0,Electronics,4,30.0,120.0
643,2023-09-24,CUST643,Female,28.0,electronics,3,30.0,152.106319161005
934,2023-07-25,CUST934,Male,30.0,Beauty,1,500.0,500.0
613,2023-04-23,CUST613,Female,52.0,Clothing,3,30.0,90.0
739,2023-11-29,CUST739,Male,36.0,Beauty,1,25.0,25.0
547,2023-03-07,CUST547,,63.0,,4,500.0,2000.0
726,,CUST726,Male,47.0,Clothing,4,300.0,1200.0
954,2023-09-25,CUST954,Female,50.0,Electronics,3,300.0,900.0
684,2023-06-30,CUST684,female,28.0,Clothing,2,500.0,1000.0
99,2023-12-17,CUST099,Female,50.0,Electronics,4,300.0,1200.0
805,2023-12-29,CUST805,Female,30.0,Beauty,3,500.0,1500.0
728,2023-07-14,CUST728,,51.0,Electronics,3,50.0,150.0
574,2023-08-31,CUST574,Female,63.0,Electronics,2,25.0,50.0
407,2023-06-25,CUST407,Female,46.0,Electronics,3,300.0,900.0
503,2023-10-25,CUST503,Male,45.0,Beauty,4,500.0,2000.0
48,2023-05-16,CUST048,Male,54.0,Electronics,3,300.0,900.0
33,2023-03-23,CUST033,Female,50.0,Electronics,2,50.0,100.0
780,2023-02-22,CUST780,Male,52.0,Electronics,2,25.0,50.0
840,2023-05-24,CUST840,Male,62.0,Clothing,2,25.0,50.0
201,2023-10-09,CUST201,Male,56.0,Electronics,1,25.0,42.25175532250138
135,2023-02-26,CUST135,Male,20.0,Clothing,2,25.0,50.0
28,2023-04-23,CUST028,Female,43.0,Beauty,1,500.0,500.0
916,2023-12-24,CUST916,Female,32.0,Electronics,1,50.0,50.0
231,2023-01-04,CUST231,Female,23.0,Clothing,3,50.0,150.0
490,2023-02-05,CUST490,Male,34.0,Clothing,3,50.0,150.0
773,2023-07-23,CUST773,Male,25.0,Electronics,4,500.0,2000.0
379,2023-02-05,CUST379,Female,47.0,Clothing,1,25.0,25.0
289,2023-11-30,CUST289,Male,53.0,Electronics,2,30.0,60.0
419,2023-05-22,CUST419,Female,44.0,Clothing,-3,30.0,90.0
675,2023-08-04,CUST675,Female,45.0,Clothing,2,30.0,60.0
392,2023-12-08,CUST392,Male,27.0,Clothing,2,300.0,600.0
593,2023-05-06,CUST593,,35.0,Electronics,2,30.0,60.0
499,2023-01-15,CUST499,Male,46.0,Beauty,2,30.0,60.0
139,2023-12-15,CUST139,Male,36.0,Beauty,4,500.0,
63,2023-02-05,CUST063,Male,57.0,Electronics,2,25.0,50.0
472,2023-12-26,CUST472,Female,38.0,Beauty,3,300.0,
648,not-a-date,CUST648,Male,-1.0,Beauty,4,300.0,1200.0
129,2023-04-23,CUST129,Female,21.0,Beauty,2,300.0,600.0
31,2023-05-23,CUST031,Male,44.0,Electronics,4,300.0,1200.0
521,2023-08-12,CUST521,Female,47.0,Clothing,4,30.0,120.0
839,2023-06-24,CUST839,Female,20.0,Electronics,4,300.0,1200.0
282,2023-08-25,CUST282,Female,64.0,Electronics,4,50.0,200.0
65,2023-12-05,CUST065,Male,51.0,Electronics,4,500.0,
813,2023-10-03,CUST813,Male,52.0,Electronics,3,50.0,150.0
15,2023-01-16,CUST015,Female,42.0,Electronics,4,500.0,
157,2023-06-24,CUST157,Male,62.0,Electronics,4,500.0,2000.0
41,2023-02-22,CUST041,Male,34.0,Clothing,2,25.0,50.0
493,2023-11-25,CUST493,Male,41.0,Beauty,2,25.0,50.0
380,2023-05-06,CUST380,Male,56.0,Electronics,2,300.0,600.0
188,2023-05-03,CUST188,Male,40.0,Clothing,3,25.0,75.0
764,2023-03-25,CUST764,Female,40.0,Clothing,1,25.0,25.0
217,2023-08-13,CUST217,Female,35.0,Electronics,4,50.0,200.0
922,2023-10-21,CUST922,Male,41.0,Electronics,1,50.0,50.0
792,2023-07-09,CUST792,Female,20.0,Beauty,1,50.0,50.0
53,2023-07-13,CUST053,Male,34.0,Electronics,2,50.0,100.0
879,2023-12-26,CUST879,Male,23.0,Clothing,1,30.0,30.0
338,2023-07-26,CUST338,Male,54.0,Beauty,2,50.0,169.00702129000553
749,2023-05-03,CUST749,Male,42.0,Beauty,1,30.0,30.0
720,2023-01-26,CUST720,Female,56.0,beauty,3,500.0,1500.0
725,2023-08-21,CUST725,male,61.0,Electronics,1,300.0,300.0
296,2023-09-06,CUST296,Female,22.0,Clothing,4,300.0,1200.0
702,2023-07-27,CUST702,Female,60.0,Clothing,2,300.0,600.0
252,2023-05-05,CUST252,Male,54.0,Electronics,1,300.0,300.0
727,2023-06-22,CUST727,Male,55.0,Beauty,3,300.0,900.0
462,2023-04-01,CUST462,Male,63.0,Electronics,4,300.0,1200.0
456,2023-10-14,CUST456,Male,57.0,electronics,2,30.0,60.0
271,2023-06-23,CUST271,Female,62.0,Beauty,4,30.0,
816,2023-08-12,CUST816,Male,47.0,Beauty,2,500.0,1000.0
863,2023-04-24,CUST863,Female,30.0,Electronics,2,25.0,50.0
270,2023-07-26,CUST270,Male,43.0,Electronics,1,300.0,300.0
202,,CUST202,Female,34.0,Clothing,4,300.0,1200.0
162,2023-08-21,CUST162,,39.0,Clothing,2,,60.0
556,2023-06-04,CUST556,Female,18.0,Electronics,1,50.0,50.0
730,2023-08-04,CUST730,Female,36.0,Clothing,2,25.0,50.0
402,2023-03-21,CUST402,Female,41.0,Clothing,2,300.0,600.0
703,2023-03-26,CUST703,male,34.0,Electronics,2,50.0,100.0
477,2023-04-24,CUST477,,43.0,Clothing,4,30.0,120.0
822,2023-05-23,CUST822,Female,,Beauty,3,50.0,253.5105319350083
772,2023-07-12,CUST772,Male,26.0,Electronics,1,30.0,30.0
106,2023-05-18,CUST106,Female,46.0,Clothing,1,50.0,50.0
566,2023-12-02,CUST566,Female,64.0,Clothing,1,30.0,30.0
390,,,Male,39.0,electronics,2,50.0,100.0
2,2023-02-27,CUST002,Female,26.0,,2,500.0,1000.0
977,2023-02-08,CUST977,Female,35.0,Electronics,3,25.0,126.75526596750414
28,2023-04-23,CUST028,Female,43.0,Beauty,1,500.0,500.0
562,2023-04-18,CUST562,Male,54.0,Electronics,2,25.0,50.0
932,2023-02-28,CUST932,Female,45.0,Beauty,4,25.0,169.00702129000553
81,2023-05-17,CUST081,Male,40.0,Electronics,1,50.0,50.0
206,2023-08-05,CUST206,Male,61.0,Clothing,1,25.0,25.0
35,2023-08-05,CUST035,Female,58.0,Beauty,3,300.0,900.0
943,2023-10-16,CUST943,Female,57.0,clothing,4,300.0,1200.0
776,2023-10-31,CUST776,,35.0,Clothing,3,30.0,90.0
509,2023-06-26,CUST509,Female,37.0,electronics,3,300.0,900.0
428,2023-10-10,CUST428,Female,40.0,Electronics,4,50.0,200.0
455,2023-07-01,CUST455,Male,31.0,Electronics,4,25.0,100.0
914,2023-10-11,CUST914,Female,59.0,Electronics,1,500.0,500.0
367,2023-01-05,CUST367,Female,57.0,Electronics,1,50.0,50.0
92,2023-08-25,CUST092,Female,51.0,Electronics,4,30.0,120.0
340,2023-10-19,CUST340,Female,36.0,Clothing,4,300.0,1200.0
898,not-a-date,CUST898,Female,42.0,Clothing,3,,90.0
565,2023-11-07,CUST565,Female,45.0,Beauty,2,30.0,60.0
346,2023-02-11,CUST346,Male,59.0,Clothing,2,500.0,1000.0
777,2023-12-20,CUST777,Male,48.0,Electronics,3,50.0,253.5105319350083
242,2023-05-02,CUST242,Male,21.0,Clothing,1,25.0,25.0
14,2023-01-17,CUST014,,64.0,Clothing,4,30.0,120.0
316,2023-04-22,CUST316,Female,48.0,Clothing,2,25.0,50.0
601,2023-04-10,CUST601,,19.0,Clothing,1,30.0,30.0
388,2023-11-10,CUST388,Male,50.0,Electronics,1,25.0,25.0
274,2023-04-09,CUST274,Female,23.0,Clothing,2,500.0,1000.0
167,2023-09-17,CUST167,Female,43.0,Clothing,3,50.0,150.0
841,2023-11-02,CUST841,Male,31.0,Electronics,4,25.0,100.0
21,2023-01-14,CUST021,Female,50.0,Beauty,1,500.0,500.0
647,2023-05-21,CUST647,Male,,Clothing,3,500.0,1500.0
819,2023-06-15,CUST819,Female,35.0,beauty,2,50.0,100.0
485,2023-12-04,CUST485,male,24.0,Electronics,1,30.0,50.70210638700166
518,2023-05-11,CUST518,Female,,Clothing,1,30.0,30.0
505,2023-01-20,CUST505,Male,-1.0,Beauty,1,50.0,50.0
832,2023-09-11,CUST832,Male,47.0,Beauty,4,500.0,2000.0
244,2023-12-09,CUST244,Male,28.0,Beauty,2,50.0,100.0
567,2023-06-14,CUST567,female,25.0,Clothing,3,300.0,900.0
876,2023-10-09,CUST876,male,43.0,Clothing,4,30.0,120.0
563,2023-08-09,CUST563,Male,20.0,Clothing,2,30.0,60.0
994,2023-12-18,CUST994,Female,51.0,Beauty,2,500.0,1000.0
687,2023-08-03,CUST687,Female,53.0,Electronics,1,300.0,300.0
958,2023-06-02,CUST958,Male,62.0,Electronics,2,25.0,50.0
190,2023-05-04,CUST190,,60.0,Beauty,3,30.0,90.0
783,2023-12-17,CUST783,Female,56.0,Clothing,1,300.0,300.0
976,2023-10-10,CUST976,Female,48.0,Beauty,2,300.0,600.0
700,2023-12-09,CUST700,Male,36.0,Electronics,4,500.0,2000.0
476,2023-08-29,CUST476,Female,27.0,Clothing,4,500.0,2000.0
682,2023-09-02,CUST682,Male,46.0,Beauty,4,300.0,1200.0
511,2023-08-12,CUST511,Male,45.0,Beauty,2,50.0,100.0
59,2023-07-05,CUST059,Male,62.0,Clothing,1,50.0,50.0
475,2023-01-20,CUST475,Male,26.0,Clothing,3,25.0,75.0
561,2023-05-27,CUST561,Female,64.0,Clothing,4,500.0,2000.0
857,2023-12-31,CUST857,Male,60.0,Electronics,2,25.0,50.0
748,2023-03-20,CUST748,,25.0,Clothing,3,50.0,150.0
253,2023-08-31,CUST253,Female,53.0,Clothing,4,500.0,2000.0
22,2023-10-15,CUST022,Male,18.0,Clothing,2,50.0,100.0
314,2023-04-08,CUST314,Male,52.0,,4,30.0,120.0
460,2023-05-02,CUST460,Male,40.0,Beauty,1,50.0,50.0
161,2023-03-22,CUST161,Male,64.0,Beauty,2,500.0,1000.0
277,2023-08-18,CUST277,Male,36.0,Clothing,4,25.0,100.0
956,2023-08-19,CUST956,Male,30.0,Clothing,3,500.0,1500.0
192,2023-02-10,CUST192,Male,62.0,Beauty,2,50.0,169.00702129000553
386,2023-12-27,CUST386,Female,54.0,Electronics,2,300.0,600.0
806,2023-03-20,CUST806,Female,35.0,Beauty,3,300.0,900.0
414,2023-05-09,CUST414,Male,48.0,Beauty,4,25.0,100.0
492,2023-06-29,CUST492,Male,61.0,Beauty,4,25.0,100.0
344,2023-01-21,CUST344,Female,42.0,Beauty,1,30.0,30.0
770,2023-10-22,CUST770,Male,32.0,Clothing,1,50.0,50.0
309,2023-12-23,CUST309,Female,26.0,Beauty,1,25.0,25.0
662,2023-12-22,CUST662,Male,48.0,Beauty,2,500.0,1000.0
131,2023-09-18,CUST131,Female,21.0,,2,300.0,600.0
664,2023-12-28,CUST664,Female,44.0,,4,500.0,2000.0
872,2023-10-11,CUST872,Female,63.0,Beauty,3,25.0,75.0
88,2023-03-29,CUST088,Male,56.0,Clothing,1,500.0,500.0
331,2023-02-11,CUST331,male,28.0,,3,30.0,90.0
467,2023-07-30,CUST467,,53.0,electronics,3,50.0,150.0
122,2023-10-03,CUST122,Male,64.0,Electronics,4,30.0,120.0
861,2023-02-17,CUST861,Female,41.0,Clothing,3,30.0,90.0
